city,country,latitude,longitude,temperature_c,feels_like_c,temp_min_c,temp_max_c,humidity_percent,pressure_hpa,visibility_km,wind_speed_mps,wind_direction_deg,cloudiness_percent,weather_main,weather_description,rain_1h_mm,local_time,data_time_utc
Chennai,IN,13.0827,80.2707,30.2,30.6,29.0,31.599999999999998,72,1007,7.0,3.2,180,40,Clouds,Scattered Clouds,0,starter dataset,starter dataset
Bengaluru,IN,12.9716,77.5946,24.8,25.0,23.6,26.2,68,1012,8.0,2.1,180,55,Clouds,Scattered Clouds,0,starter dataset,starter dataset
Mumbai,IN,19.076,72.8777,28.7,29.2,27.5,30.099999999999998,78,1008,6.0,4.2,180,70,Clouds,Scattered Clouds,0,starter dataset,starter dataset
Delhi,IN,28.6139,77.209,31.5,31.3,30.3,32.9,54,1004,5.0,2.8,180,35,Clouds,Scattered Clouds,0,starter dataset,starter dataset
Hyderabad,IN,17.385,78.4867,29.4,29.5,28.2,30.799999999999997,62,1009,7.0,3.0,180,42,Clouds,Scattered Clouds,0,starter dataset,starter dataset
Coimbatore,IN,11.0168,76.9558,27.1,27.4,25.900000000000002,28.5,70,1010,8.0,2.5,180,48,Clouds,Scattered Clouds,0,starter dataset,starter dataset
Pune,IN,18.5204,73.8567,25.9,26.1,24.7,27.299999999999997,66,1011,9.0,2.7,180,52,Clouds,Scattered Clouds,0,starter dataset,starter dataset
Kochi,IN,9.9312,76.2673,27.8,28.5,26.6,29.2,82,1009,6.0,3.8,180,75,Clouds,Scattered Clouds,0,starter dataset,starter dataset
Jaipur,IN,26.9124,75.7873,32.1,31.7,30.900000000000002,33.5,48,1003,5.0,3.4,180,25,Clouds,Scattered Clouds,0,starter dataset,starter dataset
Ahmedabad,IN,23.0225,72.5714,33.0,32.5,31.8,34.4,45,1005,5.0,3.6,180,30,Clouds,Scattered Clouds,0,starter dataset,starter dataset
Kolkata,IN,22.5726,88.3639,29.1,29.6,27.900000000000002,30.5,76,1007,7.0,3.1,180,68,Clouds,Scattered Clouds,0,starter dataset,starter dataset
Visakhapatnam,IN,17.6868,83.2185,28.4,28.9,27.2,29.799999999999997,77,1008,7.0,4.0,180,62,Clouds,Scattered Clouds,0,starter dataset,starter dataset
Madurai,IN,9.9252,78.1198,30.0,30.1,28.8,31.4,65,1008,8.0,2.9,180,45,Clouds,Scattered Clouds,0,starter dataset,starter dataset
Mysuru,IN,12.2958,76.6394,24.9,25.3,23.7,26.299999999999997,73,1011,8.0,2.0,180,60,Clouds,Scattered Clouds,0,starter dataset,starter dataset
Lucknow,IN,26.8467,80.9462,29.0,29.0,27.8,30.4,59,1006,6.0,2.3,180,45,Clouds,Scattered Clouds,0,starter dataset,starter dataset
Bhopal,IN,23.2599,77.4126,27.6,27.6,26.400000000000002,29.0,61,1009,7.0,2.4,180,50,Clouds,Scattered Clouds,0,starter dataset,starter dataset
Patna,IN,25.5941,85.1376,28.5,28.7,27.3,29.9,67,1007,7.0,2.2,180,58,Clouds,Scattered Clouds,0,starter dataset,starter dataset
Surat,IN,21.1702,72.8311,29.8,30.2,28.6,31.2,73,1008,6.0,3.7,180,65,Clouds,Scattered Clouds,0,starter dataset,starter dataset
Nagpur,IN,21.1458,79.0882,30.7,30.5,29.5,32.1,52,1005,6.0,3.0,180,38,Clouds,Scattered Clouds,0,starter dataset,starter dataset
Thiruvananthapuram,IN,8.5241,76.9366,27.2,27.9,26.0,28.599999999999998,84,1009,6.0,3.4,180,78,Clouds,Scattered Clouds,0,starter dataset,starter dataset
Chandigarh,IN,30.7333,76.7794,27.8,27.7,26.6,29.2,58,1007,6.0,2.5,180,42,Clouds,Scattered Clouds,0,starter dataset,starter dataset
Guwahati,IN,26.1445,91.7362,26.2,26.8,25.0,27.599999999999998,79,1006,7.0,2.0,180,72,Clouds,Scattered Clouds,0,starter dataset,starter dataset
Ranchi,IN,23.3441,85.3096,25.5,25.8,24.3,26.9,69,1010,8.0,2.1,180,55,Clouds,Scattered Clouds,0,starter dataset,starter dataset
Bhubaneswar,IN,20.2961,85.8245,29.3,29.7,28.1,30.7,74,1008,7.0,3.5,180,64,Clouds,Scattered Clouds,0,starter dataset,starter dataset
Amritsar,IN,31.634,74.8723,26.9,26.8,25.7,28.299999999999997,55,1005,6.0,2.6,180,30,Clouds,Scattered Clouds,0,starter dataset,starter dataset
